{"success": true, "error": null, "results": {"detectors": [{"elements": [{"type": "function", "name": "pendingSushi", "source_mapping": {"start": 6375, "length": 828, "filename_used": "/Users/sbacha/sushiswap/contracts/MasterChefV2.sol", "filename_relative": "contracts/MasterChefV2.sol", "filename_absolute": "/Users/sbacha/sushiswap/contracts/MasterChefV2.sol", "filename_short": "contracts/MasterChefV2.sol", "is_dependency": false, "lines": [135, 136, 137, 138, 139, 140, 141, 142, 143, 144, 145, 146, 147], "starting_column": 5, "ending_column": 6}, "type_specific_fields": {"parent": {"type": "contract", "name": "MasterChefV2", "source_mapping": {"start": 905, "length": 11419, "filename_used": "/Users/sbacha/sushiswap/contracts/MasterChefV2.sol", "filename_relative": "contracts/MasterChefV2.sol", "filename_absolute": "/Users/sbacha/sushiswap/contracts/MasterChefV2.sol", "filename_short": "contracts/MasterChefV2.sol", "is_dependency": false, "lines": [18, 19, 20, 21, 22, 23, 24, 25, 26, 27, 28, 29, 30, 31, 32, 33, 34, 35, 36, 37, 38, 39, 40, 41, 42, 43, 44, 45, 46, 47, 48, 49, 50, 51, 52, 53, 54, 55, 56, 57, 58, 59, 60, 61, 62, 63, 64, 65, 66, 67, 68, 69, 70, 71, 72, 73, 74, 75, 76, 77, 78, 79, 80, 81, 82, 83, 84, 85, 86, 87, 88, 89, 90, 91, 92, 93, 94, 95, 96, 97, 98, 99, 100, 101, 102, 103, 104, 105, 106, 107, 108, 109, 110, 111, 112, 113, 114, 115, 116, 117, 118, 119, 120, 121, 122, 123, 124, 125, 126, 127, 128, 129, 130, 131, 132, 133, 134, 135, 136, 137, 138, 139, 140, 141, 142, 143, 144, 145, 146, 147, 148, 149, 150, 151, 152, 153, 154, 155, 156, 157, 158, 159, 160, 161, 162, 163, 164, 165, 166, 167, 168, 169, 170, 171, 172, 173, 174, 175, 176, 177, 178, 179, 180, 181, 182, 183, 184, 185, 186, 187, 188, 189, 190, 191, 192, 193, 194, 195, 196, 197, 198, 199, 200, 201, 202, 203, 204, 205, 206, 207, 208, 209, 210, 211, 212, 213, 214, 215, 216, 217, 218, 219, 220, 221, 222, 223, 224, 225, 226, 227, 228, 229, 230, 231, 232, 233, 234, 235, 236, 237, 238, 239, 240, 241, 242, 243, 244, 245, 246, 247, 248, 249, 250, 251, 252, 253, 254, 255, 256, 257, 258, 259, 260, 261, 262, 263, 264, 265, 266, 267], "starting_column": 1, "ending_column": 2}}, "signature": "pendingSushi(uint256,address)"}}, {"type": "node", "name": "sushiReward = blocks.mul(sushiPerBlock()).mul(pool.allocPoint) / totalAllocPoint", "source_mapping": {"start": 6836, "length": 88, "filename_used": "/Users/sbacha/sushiswap/contracts/MasterChefV2.sol", "filename_relative": "contracts/MasterChefV2.sol", "filename_absolute": "/Users/sbacha/sushiswap/contracts/MasterChefV2.sol", "filename_short": "contracts/MasterChefV2.sol", "is_dependency": false, "lines": [142], "starting_column": 13, "ending_column": 101}, "type_specific_fields": {"parent": {"type": "function", "name": "pendingSushi", "source_mapping": {"start": 6375, "length": 828, "filename_used": "/Users/sbacha/sushiswap/contracts/MasterChefV2.sol", "filename_relative": "contracts/MasterChefV2.sol", "filename_absolute": "/Users/sbacha/sushiswap/contracts/MasterChefV2.sol", "filename_short": "contracts/MasterChefV2.sol", "is_dependency": false, "lines": [135, 136, 137, 138, 139, 140, 141, 142, 143, 144, 145, 146, 147], "starting_column": 5, "ending_column": 6}, "type_specific_fields": {"parent": {"type": "contract", "name": "MasterChefV2", "source_mapping": {"start": 905, "length": 11419, "filename_used": "/Users/sbacha/sushiswap/contracts/MasterChefV2.sol", "filename_relative": "contracts/MasterChefV2.sol", "filename_absolute": "/Users/sbacha/sushiswap/contracts/MasterChefV2.sol", "filename_short": "contracts/MasterChefV2.sol", "is_dependency": false, "lines": [18, 19, 20, 21, 22, 23, 24, 25, 26, 27, 28, 29, 30, 31, 32, 33, 34, 35, 36, 37, 38, 39, 40, 41, 42, 43, 44, 45, 46, 47, 48, 49, 50, 51, 52, 53, 54, 55, 56, 57, 58, 59, 60, 61, 62, 63, 64, 65, 66, 67, 68, 69, 70, 71, 72, 73, 74, 75, 76, 77, 78, 79, 80, 81, 82, 83, 84, 85, 86, 87, 88, 89, 90, 91, 92, 93, 94, 95, 96, 97, 98, 99, 100, 101, 102, 103, 104, 105, 106, 107, 108, 109, 110, 111, 112, 113, 114, 115, 116, 117, 118, 119, 120, 121, 122, 123, 124, 125, 126, 127, 128, 129, 130, 131, 132, 133, 134, 135, 136, 137, 138, 139, 140, 141, 142, 143, 144, 145, 146, 147, 148, 149, 150, 151, 152, 153, 154, 155, 156, 157, 158, 159, 160, 161, 162, 163, 164, 165, 166, 167, 168, 169, 170, 171, 172, 173, 174, 175, 176, 177, 178, 179, 180, 181, 182, 183, 184, 185, 186, 187, 188, 189, 190, 191, 192, 193, 194, 195, 196, 197, 198, 199, 200, 201, 202, 203, 204, 205, 206, 207, 208, 209, 210, 211, 212, 213, 214, 215, 216, 217, 218, 219, 220, 221, 222, 223, 224, 225, 226, 227, 228, 229, 230, 231, 232, 233, 234, 235, 236, 237, 238, 239, 240, 241, 242, 243, 244, 245, 246, 247, 248, 249, 250, 251, 252, 253, 254, 255, 256, 257, 258, 259, 260, 261, 262, 263, 264, 265, 266, 267], "starting_column": 1, "ending_column": 2}}, "signature": "pendingSushi(uint256,address)"}}}}, {"type": "node", "name": "accSushiPerShare = accSushiPerShare.add(sushiReward.mul(ACC_SUSHI_PRECISION) / lpSupply)", "source_mapping": {"start": 6938, "length": 88, "filename_used": "/Users/sbacha/sushiswap/contracts/MasterChefV2.sol", "filename_relative": "contracts/MasterChefV2.sol", "filename_absolute": "/Users/sbacha/sushiswap/contracts/MasterChefV2.sol", "filename_short": "contracts/MasterChefV2.sol", "is_dependency": false, "lines": [143], "starting_column": 13, "ending_column": 101}, "type_specific_fields": {"parent": {"type": "function", "name": "pendingSushi", "source_mapping": {"start": 6375, "length": 828, "filename_used": "/Users/sbacha/sushiswap/contracts/MasterChefV2.sol", "filename_relative": "contracts/MasterChefV2.sol", "filename_absolute": "/Users/sbacha/sushiswap/contracts/MasterChefV2.sol", "filename_short": "contracts/MasterChefV2.sol", "is_dependency": false, "lines": [135, 136, 137, 138, 139, 140, 141, 142, 143, 144, 145, 146, 147], "starting_column": 5, "ending_column": 6}, "type_specific_fields": {"parent": {"type": "contract", "name": "MasterChefV2", "source_mapping": {"start": 905, "length": 11419, "filename_used": "/Users/sbacha/sushiswap/contracts/MasterChefV2.sol", "filename_relative": "contracts/MasterChefV2.sol", "filename_absolute": "/Users/sbacha/sushiswap/contracts/MasterChefV2.sol", "filename_short": "contracts/MasterChefV2.sol", "is_dependency": false, "lines": [18, 19, 20, 21, 22, 23, 24, 25, 26, 27, 28, 29, 30, 31, 32, 33, 34, 35, 36, 37, 38, 39, 40, 41, 42, 43, 44, 45, 46, 47, 48, 49, 50, 51, 52, 53, 54, 55, 56, 57, 58, 59, 60, 61, 62, 63, 64, 65, 66, 67, 68, 69, 70, 71, 72, 73, 74, 75, 76, 77, 78, 79, 80, 81, 82, 83, 84, 85, 86, 87, 88, 89, 90, 91, 92, 93, 94, 95, 96, 97, 98, 99, 100, 101, 102, 103, 104, 105, 106, 107, 108, 109, 110, 111, 112, 113, 114, 115, 116, 117, 118, 119, 120, 121, 122, 123, 124, 125, 126, 127, 128, 129, 130, 131, 132, 133, 134, 135, 136, 137, 138, 139, 140, 141, 142, 143, 144, 145, 146, 147, 148, 149, 150, 151, 152, 153, 154, 155, 156, 157, 158, 159, 160, 161, 162, 163, 164, 165, 166, 167, 168, 169, 170, 171, 172, 173, 174, 175, 176, 177, 178, 179, 180, 181, 182, 183, 184, 185, 186, 187, 188, 189, 190, 191, 192, 193, 194, 195, 196, 197, 198, 199, 200, 201, 202, 203, 204, 205, 206, 207, 208, 209, 210, 211, 212, 213, 214, 215, 216, 217, 218, 219, 220, 221, 222, 223, 224, 225, 226, 227, 228, 229, 230, 231, 232, 233, 234, 235, 236, 237, 238, 239, 240, 241, 242, 243, 244, 245, 246, 247, 248, 249, 250, 251, 252, 253, 254, 255, 256, 257, 258, 259, 260, 261, 262, 263, 264, 265, 266, 267], "starting_column": 1, "ending_column": 2}}, "signature": "pendingSushi(uint256,address)"}}}}], "description": "MasterChefV2.pendingSushi(uint256,address) (contracts/MasterChefV2.sol#135-147) performs a multiplication on the result of a division:\n\t-sushiReward = blocks.mul(sushiPerBlock()).mul(pool.allocPoint) / totalAllocPoint (contracts/MasterChefV2.sol#142)\n\t-accSushiPerShare = accSushiPerShare.add(sushiReward.mul(ACC_SUSHI_PRECISION) / lpSupply) (contracts/MasterChefV2.sol#143)\n", "markdown": "[MasterChefV2.pendingSushi(uint256,address)](contracts/MasterChefV2.sol#L135-L147) performs a multiplication on the result of a division:\n\t-[sushiReward = blocks.mul(sushiPerBlock()).mul(pool.allocPoint) / totalAllocPoint](contracts/MasterChefV2.sol#L142)\n\t-[accSushiPerShare = accSushiPerShare.add(sushiReward.mul(ACC_SUSHI_PRECISION) / lpSupply)](contracts/MasterChefV2.sol#L143)\n", "id": "3e87805afe48b76dce90bc467ac931ab79cd5083e5c612a1da742d5523e6d138", "check": "divide-before-multiply", "impact": "Medium", "confidence": "Medium"}, {"elements": [{"type": "function", "name": "updatePool", "source_mapping": {"start": 8029, "length": 772, "filename_used": "/Users/sbacha/sushiswap/contracts/MasterChefV2.sol", "filename_relative": "contracts/MasterChefV2.sol", "filename_absolute": "/Users/sbacha/sushiswap/contracts/MasterChefV2.sol", "filename_short": "contracts/MasterChefV2.sol", "is_dependency": false, "lines": [168, 169, 170, 171, 172, 173, 174, 175, 176, 177, 178, 179, 180, 181], "starting_column": 5, "ending_column": 6}, "type_specific_fields": {"parent": {"type": "contract", "name": "MasterChefV2", "source_mapping": {"start": 905, "length": 11419, "filename_used": "/Users/sbacha/sushiswap/contracts/MasterChefV2.sol", "filename_relative": "contracts/MasterChefV2.sol", "filename_absolute": "/Users/sbacha/sushiswap/contracts/MasterChefV2.sol", "filename_short": "contracts/MasterChefV2.sol", "is_dependency": false, "lines": [18, 19, 20, 21, 22, 23, 24, 25, 26, 27, 28, 29, 30, 31, 32, 33, 34, 35, 36, 37, 38, 39, 40, 41, 42, 43, 44, 45, 46, 47, 48, 49, 50, 51, 52, 53, 54, 55, 56, 57, 58, 59, 60, 61, 62, 63, 64, 65, 66, 67, 68, 69, 70, 71, 72, 73, 74, 75, 76, 77, 78, 79, 80, 81, 82, 83, 84, 85, 86, 87, 88, 89, 90, 91, 92, 93, 94, 95, 96, 97, 98, 99, 100, 101, 102, 103, 104, 105, 106, 107, 108, 109, 110, 111, 112, 113, 114, 115, 116, 117, 118, 119, 120, 121, 122, 123, 124, 125, 126, 127, 128, 129, 130, 131, 132, 133, 134, 135, 136, 137, 138, 139, 140, 141, 142, 143, 144, 145, 146, 147, 148, 149, 150, 151, 152, 153, 154, 155, 156, 157, 158, 159, 160, 161, 162, 163, 164, 165, 166, 167, 168, 169, 170, 171, 172, 173, 174, 175, 176, 177, 178, 179, 180, 181, 182, 183, 184, 185, 186, 187, 188, 189, 190, 191, 192, 193, 194, 195, 196, 197, 198, 199, 200, 201, 202, 203, 204, 205, 206, 207, 208, 209, 210, 211, 212, 213, 214, 215, 216, 217, 218, 219, 220, 221, 222, 223, 224, 225, 226, 227, 228, 229, 230, 231, 232, 233, 234, 235, 236, 237, 238, 239, 240, 241, 242, 243, 244, 245, 246, 247, 248, 249, 250, 251, 252, 253, 254, 255, 256, 257, 258, 259, 260, 261, 262, 263, 264, 265, 266, 267], "starting_column": 1, "ending_column": 2}}, "signature": "updatePool(uint256)"}}, {"type": "node", "name": "sushiReward = blocks.mul(sushiPerBlock()).mul(pool.allocPoint) / totalAllocPoint", "source_mapping": {"start": 8374, "length": 88, "filename_used": "/Users/sbacha/sushiswap/contracts/MasterChefV2.sol", "filename_relative": "contracts/MasterChefV2.sol", "filename_absolute": "/Users/sbacha/sushiswap/contracts/MasterChefV2.sol", "filename_short": "contracts/MasterChefV2.sol", "is_dependency": false, "lines": [174], "starting_column": 17, "ending_column": 105}, "type_specific_fields": {"parent": {"type": "function", "name": "updatePool", "source_mapping": {"start": 8029, "length": 772, "filename_used": "/Users/sbacha/sushiswap/contracts/MasterChefV2.sol", "filename_relative": "contracts/MasterChefV2.sol", "filename_absolute": "/Users/sbacha/sushiswap/contracts/MasterChefV2.sol", "filename_short": "contracts/MasterChefV2.sol", "is_dependency": false, "lines": [168, 169, 170, 171, 172, 173, 174, 175, 176, 177, 178, 179, 180, 181], "starting_column": 5, "ending_column": 6}, "type_specific_fields": {"parent": {"type": "contract", "name": "MasterChefV2", "source_mapping": {"start": 905, "length": 11419, "filename_used": "/Users/sbacha/sushiswap/contracts/MasterChefV2.sol", "filename_relative": "contracts/MasterChefV2.sol", "filename_absolute": "/Users/sbacha/sushiswap/contracts/MasterChefV2.sol", "filename_short": "contracts/MasterChefV2.sol", "is_dependency": false, "lines": [18, 19, 20, 21, 22, 23, 24, 25, 26, 27, 28, 29, 30, 31, 32, 33, 34, 35, 36, 37, 38, 39, 40, 41, 42, 43, 44, 45, 46, 47, 48, 49, 50, 51, 52, 53, 54, 55, 56, 57, 58, 59, 60, 61, 62, 63, 64, 65, 66, 67, 68, 69, 70, 71, 72, 73, 74, 75, 76, 77, 78, 79, 80, 81, 82, 83, 84, 85, 86, 87, 88, 89, 90, 91, 92, 93, 94, 95, 96, 97, 98, 99, 100, 101, 102, 103, 104, 105, 106, 107, 108, 109, 110, 111, 112, 113, 114, 115, 116, 117, 118, 119, 120, 121, 122, 123, 124, 125, 126, 127, 128, 129, 130, 131, 132, 133, 134, 135, 136, 137, 138, 139, 140, 141, 142, 143, 144, 145, 146, 147, 148, 149, 150, 151, 152, 153, 154, 155, 156, 157, 158, 159, 160, 161, 162, 163, 164, 165, 166, 167, 168, 169, 170, 171, 172, 173, 174, 175, 176, 177, 178, 179, 180, 181, 182, 183, 184, 185, 186, 187, 188, 189, 190, 191, 192, 193, 194, 195, 196, 197, 198, 199, 200, 201, 202, 203, 204, 205, 206, 207, 208, 209, 210, 211, 212, 213, 214, 215, 216, 217, 218, 219, 220, 221, 222, 223, 224, 225, 226, 227, 228, 229, 230, 231, 232, 233, 234, 235, 236, 237, 238, 239, 240, 241, 242, 243, 244, 245, 246, 247, 248, 249, 250, 251, 252, 253, 254, 255, 256, 257, 258, 259, 260, 261, 262, 263, 264, 265, 266, 267], "starting_column": 1, "ending_column": 2}}, "signature": "updatePool(uint256)"}}}}, {"type": "node", "name": "pool.accSushiPerShare = pool.accSushiPerShare.add((sushiReward.mul(ACC_SUSHI_PRECISION) / lpSupply).to128())", "source_mapping": {"start": 8480, "length": 108, "filename_used": "/Users/sbacha/sushiswap/contracts/MasterChefV2.sol", "filename_relative": "contracts/MasterChefV2.sol", "filename_absolute": "/Users/sbacha/sushiswap/contracts/MasterChefV2.sol", "filename_short": "contracts/MasterChefV2.sol", "is_dependency": false, "lines": [175], "starting_column": 17, "ending_column": 125}, "type_specific_fields": {"parent": {"type": "function", "name": "updatePool", "source_mapping": {"start": 8029, "length": 772, "filename_used": "/Users/sbacha/sushiswap/contracts/MasterChefV2.sol", "filename_relative": "contracts/MasterChefV2.sol", "filename_absolute": "/Users/sbacha/sushiswap/contracts/MasterChefV2.sol", "filename_short": "contracts/MasterChefV2.sol", "is_dependency": false, "lines": [168, 169, 170, 171, 172, 173, 174, 175, 176, 177, 178, 179, 180, 181], "starting_column": 5, "ending_column": 6}, "type_specific_fields": {"parent": {"type": "contract", "name": "MasterChefV2", "source_mapping": {"start": 905, "length": 11419, "filename_used": "/Users/sbacha/sushiswap/contracts/MasterChefV2.sol", "filename_relative": "contracts/MasterChefV2.sol", "filename_absolute": "/Users/sbacha/sushiswap/contracts/MasterChefV2.sol", "filename_short": "contracts/MasterChefV2.sol", "is_dependency": false, "lines": [18, 19, 20, 21, 22, 23, 24, 25, 26, 27, 28, 29, 30, 31, 32, 33, 34, 35, 36, 37, 38, 39, 40, 41, 42, 43, 44, 45, 46, 47, 48, 49, 50, 51, 52, 53, 54, 55, 56, 57, 58, 59, 60, 61, 62, 63, 64, 65, 66, 67, 68, 69, 70, 71, 72, 73, 74, 75, 76, 77, 78, 79, 80, 81, 82, 83, 84, 85, 86, 87, 88, 89, 90, 91, 92, 93, 94, 95, 96, 97, 98, 99, 100, 101, 102, 103, 104, 105, 106, 107, 108, 109, 110, 111, 112, 113, 114, 115, 116, 117, 118, 119, 120, 121, 122, 123, 124, 125, 126, 127, 128, 129, 130, 131, 132, 133, 134, 135, 136, 137, 138, 139, 140, 141, 142, 143, 144, 145, 146, 147, 148, 149, 150, 151, 152, 153, 154, 155, 156, 157, 158, 159, 160, 161, 162, 163, 164, 165, 166, 167, 168, 169, 170, 171, 172, 173, 174, 175, 176, 177, 178, 179, 180, 181, 182, 183, 184, 185, 186, 187, 188, 189, 190, 191, 192, 193, 194, 195, 196, 197, 198, 199, 200, 201, 202, 203, 204, 205, 206, 207, 208, 209, 210, 211, 212, 213, 214, 215, 216, 217, 218, 219, 220, 221, 222, 223, 224, 225, 226, 227, 228, 229, 230, 231, 232, 233, 234, 235, 236, 237, 238, 239, 240, 241, 242, 243, 244, 245, 246, 247, 248, 249, 250, 251, 252, 253, 254, 255, 256, 257, 258, 259, 260, 261, 262, 263, 264, 265, 266, 267], "starting_column": 1, "ending_column": 2}}, "signature": "updatePool(uint256)"}}}}], "description": "MasterChefV2.updatePool(uint256) (contracts/MasterChefV2.sol#168-181) performs a multiplication on the result of a division:\n\t-sushiReward = blocks.mul(sushiPerBlock()).mul(pool.allocPoint) / totalAllocPoint (contracts/MasterChefV2.sol#174)\n\t-pool.accSushiPerShare = pool.accSushiPerShare.add((sushiReward.mul(ACC_SUSHI_PRECISION) / lpSupply).to128()) (contracts/MasterChefV2.sol#175)\n", "markdown": "[MasterChefV2.updatePool(uint256)](contracts/MasterChefV2.sol#L168-L181) performs a multiplication on the result of a division:\n\t-[sushiReward = blocks.mul(sushiPerBlock()).mul(pool.allocPoint) / totalAllocPoint](contracts/MasterChefV2.sol#L174)\n\t-[pool.accSushiPerShare = pool.accSushiPerShare.add((sushiReward.mul(ACC_SUSHI_PRECISION) / lpSupply).to128())](contracts/MasterChefV2.sol#L175)\n", "id": "fd1ad1349f20bc1f7fc12252e106d8c8ee0cdd84bc59fc4105a3f50f71893740", "check": "divide-before-multiply", "impact": "Medium", "confidence": "Medium"}, {"elements": [{"type": "function", "name": "harvest", "source_mapping": {"start": 10390, "length": 1172, "filename_used": "/Users/sbacha/sushiswap/contracts/MasterChefV2.sol", "filename_relative": "contracts/MasterChefV2.sol", "filename_absolute": "/Users/sbacha/sushiswap/contracts/MasterChefV2.sol", "filename_short": "contracts/MasterChefV2.sol", "is_dependency": false, "lines": [222, 223, 224, 225, 226, 227, 228, 229, 230, 231, 232, 233, 234, 235, 236, 237, 238, 239, 240, 241, 242, 243, 244, 245, 246, 247, 248], "starting_column": 5, "ending_column": 6}, "type_specific_fields": {"parent": {"type": "contract", "name": "MasterChefV2", "source_mapping": {"start": 905, "length": 11419, "filename_used": "/Users/sbacha/sushiswap/contracts/MasterChefV2.sol", "filename_relative": "contracts/MasterChefV2.sol", "filename_absolute": "/Users/sbacha/sushiswap/contracts/MasterChefV2.sol", "filename_short": "contracts/MasterChefV2.sol", "is_dependency": false, "lines": [18, 19, 20, 21, 22, 23, 24, 25, 26, 27, 28, 29, 30, 31, 32, 33, 34, 35, 36, 37, 38, 39, 40, 41, 42, 43, 44, 45, 46, 47, 48, 49, 50, 51, 52, 53, 54, 55, 56, 57, 58, 59, 60, 61, 62, 63, 64, 65, 66, 67, 68, 69, 70, 71, 72, 73, 74, 75, 76, 77, 78, 79, 80, 81, 82, 83, 84, 85, 86, 87, 88, 89, 90, 91, 92, 93, 94, 95, 96, 97, 98, 99, 100, 101, 102, 103, 104, 105, 106, 107, 108, 109, 110, 111, 112, 113, 114, 115, 116, 117, 118, 119, 120, 121, 122, 123, 124, 125, 126, 127, 128, 129, 130, 131, 132, 133, 134, 135, 136, 137, 138, 139, 140, 141, 142, 143, 144, 145, 146, 147, 148, 149, 150, 151, 152, 153, 154, 155, 156, 157, 158, 159, 160, 161, 162, 163, 164, 165, 166, 167, 168, 169, 170, 171, 172, 173, 174, 175, 176, 177, 178, 179, 180, 181, 182, 183, 184, 185, 186, 187, 188, 189, 190, 191, 192, 193, 194, 195, 196, 197, 198, 199, 200, 201, 202, 203, 204, 205, 206, 207, 208, 209, 210, 211, 212, 213, 214, 215, 216, 217, 218, 219, 220, 221, 222, 223, 224, 225, 226, 227, 228, 229, 230, 231, 232, 233, 234, 235, 236, 237, 238, 239, 240, 241, 242, 243, 244, 245, 246, 247, 248, 249, 250, 251, 252, 253, 254, 255, 256, 257, 258, 259, 260, 261, 262, 263, 264, 265, 266, 267], "starting_column": 1, "ending_column": 2}}, "signature": "harvest(uint256,address)"}}, {"type": "node", "name": "_rewarder.call{gas: gasleft()() - 5000}(abi.encodeWithSelector(SIG_ON_SUSHI_REWARD,pid,msg.sender,_pendingSushi))", "source_mapping": {"start": 11373, "length": 116, "filename_used": "/Users/sbacha/sushiswap/contracts/MasterChefV2.sol", "filename_relative": "contracts/MasterChefV2.sol", "filename_absolute": "/Users/sbacha/sushiswap/contracts/MasterChefV2.sol", "filename_short": "contracts/MasterChefV2.sol", "is_dependency": false, "lines": [243], "starting_column": 13, "ending_column": 129}, "type_specific_fields": {"parent": {"type": "function", "name": "harvest", "source_mapping": {"start": 10390, "length": 1172, "filename_used": "/Users/sbacha/sushiswap/contracts/MasterChefV2.sol", "filename_relative": "contracts/MasterChefV2.sol", "filename_absolute": "/Users/sbacha/sushiswap/contracts/MasterChefV2.sol", "filename_short": "contracts/MasterChefV2.sol", "is_dependency": false, "lines": [222, 223, 224, 225, 226, 227, 228, 229, 230, 231, 232, 233, 234, 235, 236, 237, 238, 239, 240, 241, 242, 243, 244, 245, 246, 247, 248], "starting_column": 5, "ending_column": 6}, "type_specific_fields": {"parent": {"type": "contract", "name": "MasterChefV2", "source_mapping": {"start": 905, "length": 11419, "filename_used": "/Users/sbacha/sushiswap/contracts/MasterChefV2.sol", "filename_relative": "contracts/MasterChefV2.sol", "filename_absolute": "/Users/sbacha/sushiswap/contracts/MasterChefV2.sol", "filename_short": "contracts/MasterChefV2.sol", "is_dependency": false, "lines": [18, 19, 20, 21, 22, 23, 24, 25, 26, 27, 28, 29, 30, 31, 32, 33, 34, 35, 36, 37, 38, 39, 40, 41, 42, 43, 44, 45, 46, 47, 48, 49, 50, 51, 52, 53, 54, 55, 56, 57, 58, 59, 60, 61, 62, 63, 64, 65, 66, 67, 68, 69, 70, 71, 72, 73, 74, 75, 76, 77, 78, 79, 80, 81, 82, 83, 84, 85, 86, 87, 88, 89, 90, 91, 92, 93, 94, 95, 96, 97, 98, 99, 100, 101, 102, 103, 104, 105, 106, 107, 108, 109, 110, 111, 112, 113, 114, 115, 116, 117, 118, 119, 120, 121, 122, 123, 124, 125, 126, 127, 128, 129, 130, 131, 132, 133, 134, 135, 136, 137, 138, 139, 140, 141, 142, 143, 144, 145, 146, 147, 148, 149, 150, 151, 152, 153, 154, 155, 156, 157, 158, 159, 160, 161, 162, 163, 164, 165, 166, 167, 168, 169, 170, 171, 172, 173, 174, 175, 176, 177, 178, 179, 180, 181, 182, 183, 184, 185, 186, 187, 188, 189, 190, 191, 192, 193, 194, 195, 196, 197, 198, 199, 200, 201, 202, 203, 204, 205, 206, 207, 208, 209, 210, 211, 212, 213, 214, 215, 216, 217, 218, 219, 220, 221, 222, 223, 224, 225, 226, 227, 228, 229, 230, 231, 232, 233, 234, 235, 236, 237, 238, 239, 240, 241, 242, 243, 244, 245, 246, 247, 248, 249, 250, 251, 252, 253, 254, 255, 256, 257, 258, 259, 260, 261, 262, 263, 264, 265, 266, 267], "starting_column": 1, "ending_column": 2}}, "signature": "harvest(uint256,address)"}}}}], "description": "MasterChefV2.harvest(uint256,address) (contracts/MasterChefV2.sol#222-248) ignores return value by _rewarder.call{gas: gasleft()() - 5000}(abi.encodeWithSelector(SIG_ON_SUSHI_REWARD,pid,msg.sender,_pendingSushi)) (contracts/MasterChefV2.sol#243)\n", "markdown": "[MasterChefV2.harvest(uint256,address)](contracts/MasterChefV2.sol#L222-L248) ignores return value by [_rewarder.call{gas: gasleft()() - 5000}(abi.encodeWithSelector(SIG_ON_SUSHI_REWARD,pid,msg.sender,_pendingSushi))](contracts/MasterChefV2.sol#L243)\n", "id": "ffc821143fc5e1e64f33bfc9c78e6dc063dc82511c1fc74d75ff8763771180be", "check": "unchecked-lowlevel", "impact": "Medium", "confidence": "Medium"}, {"elements": [{"type": "function", "name": "init", "source_mapping": {"start": 4052, "length": 371, "filename_used": "/Users/sbacha/sushiswap/contracts/MasterChefV2.sol", "filename_relative": "contracts/MasterChefV2.sol", "filename_absolute": "/Users/sbacha/sushiswap/contracts/MasterChefV2.sol", "filename_short": "contracts/MasterChefV2.sol", "is_dependency": false, "lines": [85, 86, 87, 88, 89, 90, 91, 92], "starting_column": 5, "ending_column": 6}, "type_specific_fields": {"parent": {"type": "contract", "name": "MasterChefV2", "source_mapping": {"start": 905, "length": 11419, "filename_used": "/Users/sbacha/sushiswap/contracts/MasterChefV2.sol", "filename_relative": "contracts/MasterChefV2.sol", "filename_absolute": "/Users/sbacha/sushiswap/contracts/MasterChefV2.sol", "filename_short": "contracts/MasterChefV2.sol", "is_dependency": false, "lines": [18, 19, 20, 21, 22, 23, 24, 25, 26, 27, 28, 29, 30, 31, 32, 33, 34, 35, 36, 37, 38, 39, 40, 41, 42, 43, 44, 45, 46, 47, 48, 49, 50, 51, 52, 53, 54, 55, 56, 57, 58, 59, 60, 61, 62, 63, 64, 65, 66, 67, 68, 69, 70, 71, 72, 73, 74, 75, 76, 77, 78, 79, 80, 81, 82, 83, 84, 85, 86, 87, 88, 89, 90, 91, 92, 93, 94, 95, 96, 97, 98, 99, 100, 101, 102, 103, 104, 105, 106, 107, 108, 109, 110, 111, 112, 113, 114, 115, 116, 117, 118, 119, 120, 121, 122, 123, 124, 125, 126, 127, 128, 129, 130, 131, 132, 133, 134, 135, 136, 137, 138, 139, 140, 141, 142, 143, 144, 145, 146, 147, 148, 149, 150, 151, 152, 153, 154, 155, 156, 157, 158, 159, 160, 161, 162, 163, 164, 165, 166, 167, 168, 169, 170, 171, 172, 173, 174, 175, 176, 177, 178, 179, 180, 181, 182, 183, 184, 185, 186, 187, 188, 189, 190, 191, 192, 193, 194, 195, 196, 197, 198, 199, 200, 201, 202, 203, 204, 205, 206, 207, 208, 209, 210, 211, 212, 213, 214, 215, 216, 217, 218, 219, 220, 221, 222, 223, 224, 225, 226, 227, 228, 229, 230, 231, 232, 233, 234, 235, 236, 237, 238, 239, 240, 241, 242, 243, 244, 245, 246, 247, 248, 249, 250, 251, 252, 253, 254, 255, 256, 257, 258, 259, 260, 261, 262, 263, 264, 265, 266, 267], "starting_column": 1, "ending_column": 2}}, "signature": "init(IERC20)"}}, {"type": "node", "name": "dummyToken.approve(address(MASTER_CHEF),balance)", "source_mapping": {"start": 4293, "length": 49, "filename_used": "/Users/sbacha/sushiswap/contracts/MasterChefV2.sol", "filename_relative": "contracts/MasterChefV2.sol", "filename_absolute": "/Users/sbacha/sushiswap/contracts/MasterChefV2.sol", "filename_short": "contracts/MasterChefV2.sol", "is_dependency": false, "lines": [89], "starting_column": 9, "ending_column": 58}, "type_specific_fields": {"parent": {"type": "function", "name": "init", "source_mapping": {"start": 4052, "length": 371, "filename_used": "/Users/sbacha/sushiswap/contracts/MasterChefV2.sol", "filename_relative": "contracts/MasterChefV2.sol", "filename_absolute": "/Users/sbacha/sushiswap/contracts/MasterChefV2.sol", "filename_short": "contracts/MasterChefV2.sol", "is_dependency": false, "lines": [85, 86, 87, 88, 89, 90, 91, 92], "starting_column": 5, "ending_column": 6}, "type_specific_fields": {"parent": {"type": "contract", "name": "MasterChefV2", "source_mapping": {"start": 905, "length": 11419, "filename_used": "/Users/sbacha/sushiswap/contracts/MasterChefV2.sol", "filename_relative": "contracts/MasterChefV2.sol", "filename_absolute": "/Users/sbacha/sushiswap/contracts/MasterChefV2.sol", "filename_short": "contracts/MasterChefV2.sol", "is_dependency": false, "lines": [18, 19, 20, 21, 22, 23, 24, 25, 26, 27, 28, 29, 30, 31, 32, 33, 34, 35, 36, 37, 38, 39, 40, 41, 42, 43, 44, 45, 46, 47, 48, 49, 50, 51, 52, 53, 54, 55, 56, 57, 58, 59, 60, 61, 62, 63, 64, 65, 66, 67, 68, 69, 70, 71, 72, 73, 74, 75, 76, 77, 78, 79, 80, 81, 82, 83, 84, 85, 86, 87, 88, 89, 90, 91, 92, 93, 94, 95, 96, 97, 98, 99, 100, 101, 102, 103, 104, 105, 106, 107, 108, 109, 110, 111, 112, 113, 114, 115, 116, 117, 118, 119, 120, 121, 122, 123, 124, 125, 126, 127, 128, 129, 130, 131, 132, 133, 134, 135, 136, 137, 138, 139, 140, 141, 142, 143, 144, 145, 146, 147, 148, 149, 150, 151, 152, 153, 154, 155, 156, 157, 158, 159, 160, 161, 162, 163, 164, 165, 166, 167, 168, 169, 170, 171, 172, 173, 174, 175, 176, 177, 178, 179, 180, 181, 182, 183, 184, 185, 186, 187, 188, 189, 190, 191, 192, 193, 194, 195, 196, 197, 198, 199, 200, 201, 202, 203, 204, 205, 206, 207, 208, 209, 210, 211, 212, 213, 214, 215, 216, 217, 218, 219, 220, 221, 222, 223, 224, 225, 226, 227, 228, 229, 230, 231, 232, 233, 234, 235, 236, 237, 238, 239, 240, 241, 242, 243, 244, 245, 246, 247, 248, 249, 250, 251, 252, 253, 254, 255, 256, 257, 258, 259, 260, 261, 262, 263, 264, 265, 266, 267], "starting_column": 1, "ending_column": 2}}, "signature": "init(IERC20)"}}}}], "description": "MasterChefV2.init(IERC20) (contracts/MasterChefV2.sol#85-92) ignores return value by dummyToken.approve(address(MASTER_CHEF),balance) (contracts/MasterChefV2.sol#89)\n", "markdown": "[MasterChefV2.init(IERC20)](contracts/MasterChefV2.sol#L85-L92) ignores return value by [dummyToken.approve(address(MASTER_CHEF),balance)](contracts/MasterChefV2.sol#L89)\n", "id": "5d8c16257dba56c3bcadef44ff3d703a51cc1488cf7ad4125d054890dbdb67d5", "check": "unused-return", "impact": "Medium", "confidence": "Medium"}, {"elements": [{"type": "function", "name": "poolLength", "source_mapping": {"start": 4474, "length": 91, "filename_used": "/Users/sbacha/sushiswap/contracts/MasterChefV2.sol", "filename_relative": "contracts/MasterChefV2.sol", "filename_absolute": "/Users/sbacha/sushiswap/contracts/MasterChefV2.sol", "filename_short": "contracts/MasterChefV2.sol", "is_dependency": false, "lines": [95, 96, 97], "starting_column": 5, "ending_column": 6}, "type_specific_fields": {"parent": {"type": "contract", "name": "MasterChefV2", "source_mapping": {"start": 905, "length": 11419, "filename_used": "/Users/sbacha/sushiswap/contracts/MasterChefV2.sol", "filename_relative": "contracts/MasterChefV2.sol", "filename_absolute": "/Users/sbacha/sushiswap/contracts/MasterChefV2.sol", "filename_short": "contracts/MasterChefV2.sol", "is_dependency": false, "lines": [18, 19, 20, 21, 22, 23, 24, 25, 26, 27, 28, 29, 30, 31, 32, 33, 34, 35, 36, 37, 38, 39, 40, 41, 42, 43, 44, 45, 46, 47, 48, 49, 50, 51, 52, 53, 54, 55, 56, 57, 58, 59, 60, 61, 62, 63, 64, 65, 66, 67, 68, 69, 70, 71, 72, 73, 74, 75, 76, 77, 78, 79, 80, 81, 82, 83, 84, 85, 86, 87, 88, 89, 90, 91, 92, 93, 94, 95, 96, 97, 98, 99, 100, 101, 102, 103, 104, 105, 106, 107, 108, 109, 110, 111, 112, 113, 114, 115, 116, 117, 118, 119, 120, 121, 122, 123, 124, 125, 126, 127, 128, 129, 130, 131, 132, 133, 134, 135, 136, 137, 138, 139, 140, 141, 142, 143, 144, 145, 146, 147, 148, 149, 150, 151, 152, 153, 154, 155, 156, 157, 158, 159, 160, 161, 162, 163, 164, 165, 166, 167, 168, 169, 170, 171, 172, 173, 174, 175, 176, 177, 178, 179, 180, 181, 182, 183, 184, 185, 186, 187, 188, 189, 190, 191, 192, 193, 194, 195, 196, 197, 198, 199, 200, 201, 202, 203, 204, 205, 206, 207, 208, 209, 210, 211, 212, 213, 214, 215, 216, 217, 218, 219, 220, 221, 222, 223, 224, 225, 226, 227, 228, 229, 230, 231, 232, 233, 234, 235, 236, 237, 238, 239, 240, 241, 242, 243, 244, 245, 246, 247, 248, 249, 250, 251, 252, 253, 254, 255, 256, 257, 258, 259, 260, 261, 262, 263, 264, 265, 266, 267], "starting_column": 1, "ending_column": 2}}, "signature": "poolLength()"}}], "description": "poolLength() should be declared external:\n\t- MasterChefV2.poolLength() (contracts/MasterChefV2.sol#95-97)\n", "markdown": "poolLength() should be declared external:\n\t- [MasterChefV2.poolLength()](contracts/MasterChefV2.sol#L95-L97)\n", "id": "aabc7e1e0fc346bf5ca4bb60d5af0c99b9122a3110f55b9df4941485a5a036f6", "check": "external-function", "impact": "Optimization", "confidence": "High"}, {"elements": [{"type": "function", "name": "add", "source_mapping": {"start": 4885, "length": 529, "filename_used": "/Users/sbacha/sushiswap/contracts/MasterChefV2.sol", "filename_relative": "contracts/MasterChefV2.sol", "filename_absolute": "/Users/sbacha/sushiswap/contracts/MasterChefV2.sol", "filename_short": "contracts/MasterChefV2.sol", "is_dependency": false, "lines": [104, 105, 106, 107, 108, 109, 110, 111, 112, 113, 114, 115, 116], "starting_column": 5, "ending_column": 6}, "type_specific_fields": {"parent": {"type": "contract", "name": "MasterChefV2", "source_mapping": {"start": 905, "length": 11419, "filename_used": "/Users/sbacha/sushiswap/contracts/MasterChefV2.sol", "filename_relative": "contracts/MasterChefV2.sol", "filename_absolute": "/Users/sbacha/sushiswap/contracts/MasterChefV2.sol", "filename_short": "contracts/MasterChefV2.sol", "is_dependency": false, "lines": [18, 19, 20, 21, 22, 23, 24, 25, 26, 27, 28, 29, 30, 31, 32, 33, 34, 35, 36, 37, 38, 39, 40, 41, 42, 43, 44, 45, 46, 47, 48, 49, 50, 51, 52, 53, 54, 55, 56, 57, 58, 59, 60, 61, 62, 63, 64, 65, 66, 67, 68, 69, 70, 71, 72, 73, 74, 75, 76, 77, 78, 79, 80, 81, 82, 83, 84, 85, 86, 87, 88, 89, 90, 91, 92, 93, 94, 95, 96, 97, 98, 99, 100, 101, 102, 103, 104, 105, 106, 107, 108, 109, 110, 111, 112, 113, 114, 115, 116, 117, 118, 119, 120, 121, 122, 123, 124, 125, 126, 127, 128, 129, 130, 131, 132, 133, 134, 135, 136, 137, 138, 139, 140, 141, 142, 143, 144, 145, 146, 147, 148, 149, 150, 151, 152, 153, 154, 155, 156, 157, 158, 159, 160, 161, 162, 163, 164, 165, 166, 167, 168, 169, 170, 171, 172, 173, 174, 175, 176, 177, 178, 179, 180, 181, 182, 183, 184, 185, 186, 187, 188, 189, 190, 191, 192, 193, 194, 195, 196, 197, 198, 199, 200, 201, 202, 203, 204, 205, 206, 207, 208, 209, 210, 211, 212, 213, 214, 215, 216, 217, 218, 219, 220, 221, 222, 223, 224, 225, 226, 227, 228, 229, 230, 231, 232, 233, 234, 235, 236, 237, 238, 239, 240, 241, 242, 243, 244, 245, 246, 247, 248, 249, 250, 251, 252, 253, 254, 255, 256, 257, 258, 259, 260, 261, 262, 263, 264, 265, 266, 267], "starting_column": 1, "ending_column": 2}}, "signature": "add(uint256,IERC20,IRewarder)"}}], "description": "add(uint256,IERC20,IRewarder) should be declared external:\n\t- MasterChefV2.add(uint256,IERC20,IRewarder) (contracts/MasterChefV2.sol#104-116)\n", "markdown": "add(uint256,IERC20,IRewarder) should be declared external:\n\t- [MasterChefV2.add(uint256,IERC20,IRewarder)](contracts/MasterChefV2.sol#L104-L116)\n", "id": "00686daf4b150d76857d684224ec307ddb1c49094c054ea8bf14e8702981b87f", "check": "external-function", "impact": "Optimization", "confidence": "High"}, {"elements": [{"type": "function", "name": "set", "source_mapping": {"start": 5801, "length": 406, "filename_used": "/Users/sbacha/sushiswap/contracts/MasterChefV2.sol", "filename_relative": "contracts/MasterChefV2.sol", "filename_absolute": "/Users/sbacha/sushiswap/contracts/MasterChefV2.sol", "filename_short": "contracts/MasterChefV2.sol", "is_dependency": false, "lines": [124, 125, 126, 127, 128, 129], "starting_column": 5, "ending_column": 6}, "type_specific_fields": {"parent": {"type": "contract", "name": "MasterChefV2", "source_mapping": {"start": 905, "length": 11419, "filename_used": "/Users/sbacha/sushiswap/contracts/MasterChefV2.sol", "filename_relative": "contracts/MasterChefV2.sol", "filename_absolute": "/Users/sbacha/sushiswap/contracts/MasterChefV2.sol", "filename_short": "contracts/MasterChefV2.sol", "is_dependency": false, "lines": [18, 19, 20, 21, 22, 23, 24, 25, 26, 27, 28, 29, 30, 31, 32, 33, 34, 35, 36, 37, 38, 39, 40, 41, 42, 43, 44, 45, 46, 47, 48, 49, 50, 51, 52, 53, 54, 55, 56, 57, 58, 59, 60, 61, 62, 63, 64, 65, 66, 67, 68, 69, 70, 71, 72, 73, 74, 75, 76, 77, 78, 79, 80, 81, 82, 83, 84, 85, 86, 87, 88, 89, 90, 91, 92, 93, 94, 95, 96, 97, 98, 99, 100, 101, 102, 103, 104, 105, 106, 107, 108, 109, 110, 111, 112, 113, 114, 115, 116, 117, 118, 119, 120, 121, 122, 123, 124, 125, 126, 127, 128, 129, 130, 131, 132, 133, 134, 135, 136, 137, 138, 139, 140, 141, 142, 143, 144, 145, 146, 147, 148, 149, 150, 151, 152, 153, 154, 155, 156, 157, 158, 159, 160, 161, 162, 163, 164, 165, 166, 167, 168, 169, 170, 171, 172, 173, 174, 175, 176, 177, 178, 179, 180, 181, 182, 183, 184, 185, 186, 187, 188, 189, 190, 191, 192, 193, 194, 195, 196, 197, 198, 199, 200, 201, 202, 203, 204, 205, 206, 207, 208, 209, 210, 211, 212, 213, 214, 215, 216, 217, 218, 219, 220, 221, 222, 223, 224, 225, 226, 227, 228, 229, 230, 231, 232, 233, 234, 235, 236, 237, 238, 239, 240, 241, 242, 243, 244, 245, 246, 247, 248, 249, 250, 251, 252, 253, 254, 255, 256, 257, 258, 259, 260, 261, 262, 263, 264, 265, 266, 267], "starting_column": 1, "ending_column": 2}}, "signature": "set(uint256,uint256,IRewarder,bool)"}}], "description": "set(uint256,uint256,IRewarder,bool) should be declared external:\n\t- MasterChefV2.set(uint256,uint256,IRewarder,bool) (contracts/MasterChefV2.sol#124-129)\n", "markdown": "set(uint256,uint256,IRewarder,bool) should be declared external:\n\t- [MasterChefV2.set(uint256,uint256,IRewarder,bool)](contracts/MasterChefV2.sol#L124-L129)\n", "id": "277cd9018b52a20044bcd0888ee88f4e1276ed71c730a6a44a7de9e27723392b", "check": "external-function", "impact": "Optimization", "confidence": "High"}, {"elements": [{"type": "function", "name": "deposit", "source_mapping": {"start": 9013, "length": 510, "filename_used": "/Users/sbacha/sushiswap/contracts/MasterChefV2.sol", "filename_relative": "contracts/MasterChefV2.sol", "filename_absolute": "/Users/sbacha/sushiswap/contracts/MasterChefV2.sol", "filename_short": "contracts/MasterChefV2.sol", "is_dependency": false, "lines": [187, 188, 189, 190, 191, 192, 193, 194, 195, 196, 197, 198, 199], "starting_column": 5, "ending_column": 6}, "type_specific_fields": {"parent": {"type": "contract", "name": "MasterChefV2", "source_mapping": {"start": 905, "length": 11419, "filename_used": "/Users/sbacha/sushiswap/contracts/MasterChefV2.sol", "filename_relative": "contracts/MasterChefV2.sol", "filename_absolute": "/Users/sbacha/sushiswap/contracts/MasterChefV2.sol", "filename_short": "contracts/MasterChefV2.sol", "is_dependency": false, "lines": [18, 19, 20, 21, 22, 23, 24, 25, 26, 27, 28, 29, 30, 31, 32, 33, 34, 35, 36, 37, 38, 39, 40, 41, 42, 43, 44, 45, 46, 47, 48, 49, 50, 51, 52, 53, 54, 55, 56, 57, 58, 59, 60, 61, 62, 63, 64, 65, 66, 67, 68, 69, 70, 71, 72, 73, 74, 75, 76, 77, 78, 79, 80, 81, 82, 83, 84, 85, 86, 87, 88, 89, 90, 91, 92, 93, 94, 95, 96, 97, 98, 99, 100, 101, 102, 103, 104, 105, 106, 107, 108, 109, 110, 111, 112, 113, 114, 115, 116, 117, 118, 119, 120, 121, 122, 123, 124, 125, 126, 127, 128, 129, 130, 131, 132, 133, 134, 135, 136, 137, 138, 139, 140, 141, 142, 143, 144, 145, 146, 147, 148, 149, 150, 151, 152, 153, 154, 155, 156, 157, 158, 159, 160, 161, 162, 163, 164, 165, 166, 167, 168, 169, 170, 171, 172, 173, 174, 175, 176, 177, 178, 179, 180, 181, 182, 183, 184, 185, 186, 187, 188, 189, 190, 191, 192, 193, 194, 195, 196, 197, 198, 199, 200, 201, 202, 203, 204, 205, 206, 207, 208, 209, 210, 211, 212, 213, 214, 215, 216, 217, 218, 219, 220, 221, 222, 223, 224, 225, 226, 227, 228, 229, 230, 231, 232, 233, 234, 235, 236, 237, 238, 239, 240, 241, 242, 243, 244, 245, 246, 247, 248, 249, 250, 251, 252, 253, 254, 255, 256, 257, 258, 259, 260, 261, 262, 263, 264, 265, 266, 267], "starting_column": 1, "ending_column": 2}}, "signature": "deposit(uint256,uint256,address)"}}], "description": "deposit(uint256,uint256,address) should be declared external:\n\t- MasterChefV2.deposit(uint256,uint256,address) (contracts/MasterChefV2.sol#187-199)\n", "markdown": "deposit(uint256,uint256,address) should be declared external:\n\t- [MasterChefV2.deposit(uint256,uint256,address)](contracts/MasterChefV2.sol#L187-L199)\n", "id": "7c07e5e7ad87159285ca528a3d3b4bb4a4a91e48e143d3ed8412c7973b29fb5e", "check": "external-function", "impact": "Optimization", "confidence": "High"}, {"elements": [{"type": "function", "name": "withdraw", "source_mapping": {"start": 9732, "length": 484, "filename_used": "/Users/sbacha/sushiswap/contracts/MasterChefV2.sol", "filename_relative": "contracts/MasterChefV2.sol", "filename_absolute": "/Users/sbacha/sushiswap/contracts/MasterChefV2.sol", "filename_short": "contracts/MasterChefV2.sol", "is_dependency": false, "lines": [205, 206, 207, 208, 209, 210, 211, 212, 213, 214, 215, 216, 217], "starting_column": 5, "ending_column": 6}, "type_specific_fields": {"parent": {"type": "contract", "name": "MasterChefV2", "source_mapping": {"start": 905, "length": 11419, "filename_used": "/Users/sbacha/sushiswap/contracts/MasterChefV2.sol", "filename_relative": "contracts/MasterChefV2.sol", "filename_absolute": "/Users/sbacha/sushiswap/contracts/MasterChefV2.sol", "filename_short": "contracts/MasterChefV2.sol", "is_dependency": false, "lines": [18, 19, 20, 21, 22, 23, 24, 25, 26, 27, 28, 29, 30, 31, 32, 33, 34, 35, 36, 37, 38, 39, 40, 41, 42, 43, 44, 45, 46, 47, 48, 49, 50, 51, 52, 53, 54, 55, 56, 57, 58, 59, 60, 61, 62, 63, 64, 65, 66, 67, 68, 69, 70, 71, 72, 73, 74, 75, 76, 77, 78, 79, 80, 81, 82, 83, 84, 85, 86, 87, 88, 89, 90, 91, 92, 93, 94, 95, 96, 97, 98, 99, 100, 101, 102, 103, 104, 105, 106, 107, 108, 109, 110, 111, 112, 113, 114, 115, 116, 117, 118, 119, 120, 121, 122, 123, 124, 125, 126, 127, 128, 129, 130, 131, 132, 133, 134, 135, 136, 137, 138, 139, 140, 141, 142, 143, 144, 145, 146, 147, 148, 149, 150, 151, 152, 153, 154, 155, 156, 157, 158, 159, 160, 161, 162, 163, 164, 165, 166, 167, 168, 169, 170, 171, 172, 173, 174, 175, 176, 177, 178, 179, 180, 181, 182, 183, 184, 185, 186, 187, 188, 189, 190, 191, 192, 193, 194, 195, 196, 197, 198, 199, 200, 201, 202, 203, 204, 205, 206, 207, 208, 209, 210, 211, 212, 213, 214, 215, 216, 217, 218, 219, 220, 221, 222, 223, 224, 225, 226, 227, 228, 229, 230, 231, 232, 233, 234, 235, 236, 237, 238, 239, 240, 241, 242, 243, 244, 245, 246, 247, 248, 249, 250, 251, 252, 253, 254, 255, 256, 257, 258, 259, 260, 261, 262, 263, 264, 265, 266, 267], "starting_column": 1, "ending_column": 2}}, "signature": "withdraw(uint256,uint256,address)"}}], "description": "withdraw(uint256,uint256,address) should be declared external:\n\t- MasterChefV2.withdraw(uint256,uint256,address) (contracts/MasterChefV2.sol#205-217)\n", "markdown": "withdraw(uint256,uint256,address) should be declared external:\n\t- [MasterChefV2.withdraw(uint256,uint256,address)](contracts/MasterChefV2.sol#L205-L217)\n", "id": "84ec253dd1b6979d15c9c13449c31a1d8add222612e3cc77ff115e1f4209704d", "check": "external-function", "impact": "Optimization", "confidence": "High"}, {"elements": [{"type": "function", "name": "harvest", "source_mapping": {"start": 10390, "length": 1172, "filename_used": "/Users/sbacha/sushiswap/contracts/MasterChefV2.sol", "filename_relative": "contracts/MasterChefV2.sol", "filename_absolute": "/Users/sbacha/sushiswap/contracts/MasterChefV2.sol", "filename_short": "contracts/MasterChefV2.sol", "is_dependency": false, "lines": [222, 223, 224, 225, 226, 227, 228, 229, 230, 231, 232, 233, 234, 235, 236, 237, 238, 239, 240, 241, 242, 243, 244, 245, 246, 247, 248], "starting_column": 5, "ending_column": 6}, "type_specific_fields": {"parent": {"type": "contract", "name": "MasterChefV2", "source_mapping": {"start": 905, "length": 11419, "filename_used": "/Users/sbacha/sushiswap/contracts/MasterChefV2.sol", "filename_relative": "contracts/MasterChefV2.sol", "filename_absolute": "/Users/sbacha/sushiswap/contracts/MasterChefV2.sol", "filename_short": "contracts/MasterChefV2.sol", "is_dependency": false, "lines": [18, 19, 20, 21, 22, 23, 24, 25, 26, 27, 28, 29, 30, 31, 32, 33, 34, 35, 36, 37, 38, 39, 40, 41, 42, 43, 44, 45, 46, 47, 48, 49, 50, 51, 52, 53, 54, 55, 56, 57, 58, 59, 60, 61, 62, 63, 64, 65, 66, 67, 68, 69, 70, 71, 72, 73, 74, 75, 76, 77, 78, 79, 80, 81, 82, 83, 84, 85, 86, 87, 88, 89, 90, 91, 92, 93, 94, 95, 96, 97, 98, 99, 100, 101, 102, 103, 104, 105, 106, 107, 108, 109, 110, 111, 112, 113, 114, 115, 116, 117, 118, 119, 120, 121, 122, 123, 124, 125, 126, 127, 128, 129, 130, 131, 132, 133, 134, 135, 136, 137, 138, 139, 140, 141, 142, 143, 144, 145, 146, 147, 148, 149, 150, 151, 152, 153, 154, 155, 156, 157, 158, 159, 160, 161, 162, 163, 164, 165, 166, 167, 168, 169, 170, 171, 172, 173, 174, 175, 176, 177, 178, 179, 180, 181, 182, 183, 184, 185, 186, 187, 188, 189, 190, 191, 192, 193, 194, 195, 196, 197, 198, 199, 200, 201, 202, 203, 204, 205, 206, 207, 208, 209, 210, 211, 212, 213, 214, 215, 216, 217, 218, 219, 220, 221, 222, 223, 224, 225, 226, 227, 228, 229, 230, 231, 232, 233, 234, 235, 236, 237, 238, 239, 240, 241, 242, 243, 244, 245, 246, 247, 248, 249, 250, 251, 252, 253, 254, 255, 256, 257, 258, 259, 260, 261, 262, 263, 264, 265, 266, 267], "starting_column": 1, "ending_column": 2}}, "signature": "harvest(uint256,address)"}}], "description": "harvest(uint256,address) should be declared external:\n\t- MasterChefV2.harvest(uint256,address) (contracts/MasterChefV2.sol#222-248)\n", "markdown": "harvest(uint256,address) should be declared external:\n\t- [MasterChefV2.harvest(uint256,address)](contracts/MasterChefV2.sol#L222-L248)\n", "id": "539b37a809d6778857fadc9ae16c2567ea3bbe70c9b8d20ba3dd8be32ca57f2f", "check": "external-function", "impact": "Optimization", "confidence": "High"}, {"elements": [{"type": "function", "name": "harvestFromMasterChef", "source_mapping": {"start": 11658, "length": 92, "filename_used": "/Users/sbacha/sushiswap/contracts/MasterChefV2.sol", "filename_relative": "contracts/MasterChefV2.sol", "filename_absolute": "/Users/sbacha/sushiswap/contracts/MasterChefV2.sol", "filename_short": "contracts/MasterChefV2.sol", "is_dependency": false, "lines": [251, 252, 253], "starting_column": 5, "ending_column": 6}, "type_specific_fields": {"parent": {"type": "contract", "name": "MasterChefV2", "source_mapping": {"start": 905, "length": 11419, "filename_used": "/Users/sbacha/sushiswap/contracts/MasterChefV2.sol", "filename_relative": "contracts/MasterChefV2.sol", "filename_absolute": "/Users/sbacha/sushiswap/contracts/MasterChefV2.sol", "filename_short": "contracts/MasterChefV2.sol", "is_dependency": false, "lines": [18, 19, 20, 21, 22, 23, 24, 25, 26, 27, 28, 29, 30, 31, 32, 33, 34, 35, 36, 37, 38, 39, 40, 41, 42, 43, 44, 45, 46, 47, 48, 49, 50, 51, 52, 53, 54, 55, 56, 57, 58, 59, 60, 61, 62, 63, 64, 65, 66, 67, 68, 69, 70, 71, 72, 73, 74, 75, 76, 77, 78, 79, 80, 81, 82, 83, 84, 85, 86, 87, 88, 89, 90, 91, 92, 93, 94, 95, 96, 97, 98, 99, 100, 101, 102, 103, 104, 105, 106, 107, 108, 109, 110, 111, 112, 113, 114, 115, 116, 117, 118, 119, 120, 121, 122, 123, 124, 125, 126, 127, 128, 129, 130, 131, 132, 133, 134, 135, 136, 137, 138, 139, 140, 141, 142, 143, 144, 145, 146, 147, 148, 149, 150, 151, 152, 153, 154, 155, 156, 157, 158, 159, 160, 161, 162, 163, 164, 165, 166, 167, 168, 169, 170, 171, 172, 173, 174, 175, 176, 177, 178, 179, 180, 181, 182, 183, 184, 185, 186, 187, 188, 189, 190, 191, 192, 193, 194, 195, 196, 197, 198, 199, 200, 201, 202, 203, 204, 205, 206, 207, 208, 209, 210, 211, 212, 213, 214, 215, 216, 217, 218, 219, 220, 221, 222, 223, 224, 225, 226, 227, 228, 229, 230, 231, 232, 233, 234, 235, 236, 237, 238, 239, 240, 241, 242, 243, 244, 245, 246, 247, 248, 249, 250, 251, 252, 253, 254, 255, 256, 257, 258, 259, 260, 261, 262, 263, 264, 265, 266, 267], "starting_column": 1, "ending_column": 2}}, "signature": "harvestFromMasterChef()"}}], "description": "harvestFromMasterChef() should be declared external:\n\t- MasterChefV2.harvestFromMasterChef() (contracts/MasterChefV2.sol#251-253)\n", "markdown": "harvestFromMasterChef() should be declared external:\n\t- [MasterChefV2.harvestFromMasterChef()](contracts/MasterChefV2.sol#L251-L253)\n", "id": "009a5ea3f6b8fc5a1875d8d088e1daedecbc63ec698429c3b6f1834ed6dabce0", "check": "external-function", "impact": "Optimization", "confidence": "High"}, {"elements": [{"type": "function", "name": "emergencyWithdraw", "source_mapping": {"start": 11930, "length": 392, "filename_used": "/Users/sbacha/sushiswap/contracts/MasterChefV2.sol", "filename_relative": "contracts/MasterChefV2.sol", "filename_absolute": "/Users/sbacha/sushiswap/contracts/MasterChefV2.sol", "filename_short": "contracts/MasterChefV2.sol", "is_dependency": false, "lines": [258, 259, 260, 261, 262, 263, 264, 265, 266], "starting_column": 5, "ending_column": 6}, "type_specific_fields": {"parent": {"type": "contract", "name": "MasterChefV2", "source_mapping": {"start": 905, "length": 11419, "filename_used": "/Users/sbacha/sushiswap/contracts/MasterChefV2.sol", "filename_relative": "contracts/MasterChefV2.sol", "filename_absolute": "/Users/sbacha/sushiswap/contracts/MasterChefV2.sol", "filename_short": "contracts/MasterChefV2.sol", "is_dependency": false, "lines": [18, 19, 20, 21, 22, 23, 24, 25, 26, 27, 28, 29, 30, 31, 32, 33, 34, 35, 36, 37, 38, 39, 40, 41, 42, 43, 44, 45, 46, 47, 48, 49, 50, 51, 52, 53, 54, 55, 56, 57, 58, 59, 60, 61, 62, 63, 64, 65, 66, 67, 68, 69, 70, 71, 72, 73, 74, 75, 76, 77, 78, 79, 80, 81, 82, 83, 84, 85, 86, 87, 88, 89, 90, 91, 92, 93, 94, 95, 96, 97, 98, 99, 100, 101, 102, 103, 104, 105, 106, 107, 108, 109, 110, 111, 112, 113, 114, 115, 116, 117, 118, 119, 120, 121, 122, 123, 124, 125, 126, 127, 128, 129, 130, 131, 132, 133, 134, 135, 136, 137, 138, 139, 140, 141, 142, 143, 144, 145, 146, 147, 148, 149, 150, 151, 152, 153, 154, 155, 156, 157, 158, 159, 160, 161, 162, 163, 164, 165, 166, 167, 168, 169, 170, 171, 172, 173, 174, 175, 176, 177, 178, 179, 180, 181, 182, 183, 184, 185, 186, 187, 188, 189, 190, 191, 192, 193, 194, 195, 196, 197, 198, 199, 200, 201, 202, 203, 204, 205, 206, 207, 208, 209, 210, 211, 212, 213, 214, 215, 216, 217, 218, 219, 220, 221, 222, 223, 224, 225, 226, 227, 228, 229, 230, 231, 232, 233, 234, 235, 236, 237, 238, 239, 240, 241, 242, 243, 244, 245, 246, 247, 248, 249, 250, 251, 252, 253, 254, 255, 256, 257, 258, 259, 260, 261, 262, 263, 264, 265, 266, 267], "starting_column": 1, "ending_column": 2}}, "signature": "emergencyWithdraw(uint256,address)"}}], "description": "emergencyWithdraw(uint256,address) should be declared external:\n\t- MasterChefV2.emergencyWithdraw(uint256,address) (contracts/MasterChefV2.sol#258-266)\n", "markdown": "emergencyWithdraw(uint256,address) should be declared external:\n\t- [MasterChefV2.emergencyWithdraw(uint256,address)](contracts/MasterChefV2.sol#L258-L266)\n", "id": "b25bb14f54f3226b4d33f1f8b66a3aa0445cca076aaabb7963eeb557342b8024", "check": "external-function", "impact": "Optimization", "confidence": "High"}, {"elements": [{"type": "function", "name": "permitToken", "source_mapping": {"start": 2161, "length": 246, "filename_used": "/Users/sbacha/sushiswap/node_modules/@boringcrypto/boring-solidity/contracts/BoringBatchable.sol", "filename_relative": "node_modules/@boringcrypto/boring-solidity/contracts/BoringBatchable.sol", "filename_absolute": "/Users/sbacha/sushiswap/node_modules/@boringcrypto/boring-solidity/contracts/BoringBatchable.sol", "filename_short": "node_modules/@boringcrypto/boring-solidity/contracts/BoringBatchable.sol", "is_dependency": false, "lines": [49, 50, 51, 52, 53], "starting_column": 5, "ending_column": 6}, "type_specific_fields": {"parent": {"type": "contract", "name": "BoringBatchable", "source_mapping": {"start": 1837, "length": 573, "filename_used": "/Users/sbacha/sushiswap/node_modules/@boringcrypto/boring-solidity/contracts/BoringBatchable.sol", "filename_relative": "node_modules/@boringcrypto/boring-solidity/contracts/BoringBatchable.sol", "filename_absolute": "/Users/sbacha/sushiswap/node_modules/@boringcrypto/boring-solidity/contracts/BoringBatchable.sol", "filename_short": "node_modules/@boringcrypto/boring-solidity/contracts/BoringBatchable.sol", "is_dependency": false, "lines": [44, 45, 46, 47, 48, 49, 50, 51, 52, 53, 54, 55], "starting_column": 1, "ending_column": 0}}, "signature": "permitToken(IERC20,address,address,uint256,uint256,uint8,bytes32,bytes32)"}}], "description": "permitToken(IERC20,address,address,uint256,uint256,uint8,bytes32,bytes32) should be declared external:\n\t- BoringBatchable.permitToken(IERC20,address,address,uint256,uint256,uint8,bytes32,bytes32) (node_modules/@boringcrypto/boring-solidity/contracts/BoringBatchable.sol#49-53)\n", "markdown": "permitToken(IERC20,address,address,uint256,uint256,uint8,bytes32,bytes32) should be declared external:\n\t- [BoringBatchable.permitToken(IERC20,address,address,uint256,uint256,uint8,bytes32,bytes32)](node_modules/@boringcrypto/boring-solidity/contracts/BoringBatchable.sol#L49-L53)\n", "id": "5ed3fa9a12e2ba010fd548cfe2e863c52b51fccfada85ac4385bd4617124aa07", "check": "external-function", "impact": "Optimization", "confidence": "High"}, {"elements": [{"type": "function", "name": "transferOwnership", "source_mapping": {"start": 774, "length": 472, "filename_used": "/Users/sbacha/sushiswap/node_modules/@boringcrypto/boring-solidity/contracts/BoringOwnable.sol", "filename_relative": "node_modules/@boringcrypto/boring-solidity/contracts/BoringOwnable.sol", "filename_absolute": "/Users/sbacha/sushiswap/node_modules/@boringcrypto/boring-solidity/contracts/BoringOwnable.sol", "filename_short": "node_modules/@boringcrypto/boring-solidity/contracts/BoringOwnable.sol", "is_dependency": false, "lines": [30, 31, 32, 33, 34, 35, 36, 37, 38, 39, 40, 41, 42, 43], "starting_column": 5, "ending_column": 6}, "type_specific_fields": {"parent": {"type": "contract", "name": "BoringOwnable", "source_mapping": {"start": 448, "length": 1363, "filename_used": "/Users/sbacha/sushiswap/node_modules/@boringcrypto/boring-solidity/contracts/BoringOwnable.sol", "filename_relative": "node_modules/@boringcrypto/boring-solidity/contracts/BoringOwnable.sol", "filename_absolute": "/Users/sbacha/sushiswap/node_modules/@boringcrypto/boring-solidity/contracts/BoringOwnable.sol", "filename_short": "node_modules/@boringcrypto/boring-solidity/contracts/BoringOwnable.sol", "is_dependency": false, "lines": [19, 20, 21, 22, 23, 24, 25, 26, 27, 28, 29, 30, 31, 32, 33, 34, 35, 36, 37, 38, 39, 40, 41, 42, 43, 44, 45, 46, 47, 48, 49, 50, 51, 52, 53, 54, 55, 56, 57, 58, 59, 60, 61, 62, 63, 64, 65, 66], "starting_column": 1, "ending_column": 0}}, "signature": "transferOwnership(address,bool,bool)"}}], "description": "transferOwnership(address,bool,bool) should be declared external:\n\t- BoringOwnable.transferOwnership(address,bool,bool) (node_modules/@boringcrypto/boring-solidity/contracts/BoringOwnable.sol#30-43)\n", "markdown": "transferOwnership(address,bool,bool) should be declared external:\n\t- [BoringOwnable.transferOwnership(address,bool,bool)](node_modules/@boringcrypto/boring-solidity/contracts/BoringOwnable.sol#L30-L43)\n", "id": "d18f7397beead019908ba9631feb51ed006188e71171b58b2f288e8344d8e9a6", "check": "external-function", "impact": "Optimization", "confidence": "High"}, {"elements": [{"type": "function", "name": "claimOwnership", "source_mapping": {"start": 1295, "length": 348, "filename_used": "/Users/sbacha/sushiswap/node_modules/@boringcrypto/boring-solidity/contracts/BoringOwnable.sol", "filename_relative": "node_modules/@boringcrypto/boring-solidity/contracts/BoringOwnable.sol", "filename_absolute": "/Users/sbacha/sushiswap/node_modules/@boringcrypto/boring-solidity/contracts/BoringOwnable.sol", "filename_short": "node_modules/@boringcrypto/boring-solidity/contracts/BoringOwnable.sol", "is_dependency": false, "lines": [47, 48, 49, 50, 51, 52, 53, 54, 55, 56, 57], "starting_column": 5, "ending_column": 6}, "type_specific_fields": {"parent": {"type": "contract", "name": "BoringOwnable", "source_mapping": {"start": 448, "length": 1363, "filename_used": "/Users/sbacha/sushiswap/node_modules/@boringcrypto/boring-solidity/contracts/BoringOwnable.sol", "filename_relative": "node_modules/@boringcrypto/boring-solidity/contracts/BoringOwnable.sol", "filename_absolute": "/Users/sbacha/sushiswap/node_modules/@boringcrypto/boring-solidity/contracts/BoringOwnable.sol", "filename_short": "node_modules/@boringcrypto/boring-solidity/contracts/BoringOwnable.sol", "is_dependency": false, "lines": [19, 20, 21, 22, 23, 24, 25, 26, 27, 28, 29, 30, 31, 32, 33, 34, 35, 36, 37, 38, 39, 40, 41, 42, 43, 44, 45, 46, 47, 48, 49, 50, 51, 52, 53, 54, 55, 56, 57, 58, 59, 60, 61, 62, 63, 64, 65, 66], "starting_column": 1, "ending_column": 0}}, "signature": "claimOwnership()"}}], "description": "claimOwnership() should be declared external:\n\t- BoringOwnable.claimOwnership() (node_modules/@boringcrypto/boring-solidity/contracts/BoringOwnable.sol#47-57)\n", "markdown": "claimOwnership() should be declared external:\n\t- [BoringOwnable.claimOwnership()](node_modules/@boringcrypto/boring-solidity/contracts/BoringOwnable.sol#L47-L57)\n", "id": "3b2ec331667a4e53ba96b6180c0126ba058195f9b5535132d60785b70e830f91", "check": "external-function", "impact": "Optimization", "confidence": "High"}]}}